payment_type,Avg Fare,Avg Tip
No charge,11.047619047619047,0.0
Dispute,11.161538461538461,0.0
Credit card,16.38445681997229,3.3552440846486102
Cash,16.3972419451074,0.00024860779634049325
